Comment Parent ID,Comment ID,Comment Text,Comment Score,Comment Depth,Created Timestamp,Author
t3_m2jvbg,gqklvtp,"Jesus I feel so bad for you guys, Megan markle is front page in the UK but not this, where the fuck is the un???",81,0,1615470662.0,None
t3_m2jvbg,gqjpr3c,I saw some closed up graphic pictures of him. No brains left and almost half of skull is wiped out by a powerful bullet.,67,0,1615448115.0,zarganar
t3_m2jvbg,gqjpqpb,"What kind of gun does this?

It is like they are shooting at elephants",49,0,1615448107.0,cheap_as_chips
t3_m2jvbg,gqjuuu5,Was this yesterday? Man fuck them,36,0,1615451558.0,Pipinooo
t3_m2jvbg,gqjxs7c,I wasn’t ready to see this again,27,0,1615453710.0,sum-fucking-idiot
t3_m2jvbg,gqkeywa,"This is truly disturbing and grave violation of basic human rights. I hope Myanmar can get it's freedom back, hang in there and be safe.!",27,0,1615466376.0,codeXgigas95
t3_m2jvbg,gqjw4cl,What the fuck.,13,0,1615452499.0,BlakeSergin
t3_m2jvbg,gqkk9bg,Fuck Military General Min Aung Hlaing! Wish you and your families suffers to death!!!,10,0,1615469753.0,chia_churn_chou
t3_m2jvbg,gqk4hvp,I have no words.,10,0,1615458838.0,Edison_K-69420
t3_m2jvbg,gqkdgjv,"Tiananmen Square pt 2

Yangon Square pt 1",16,0,1615465294.0,hollakris
t3_m2jvbg,gqkgn5d,Fuking animals,8,0,1615467523.0,whereameyeat
t3_m2jvbg,gqki0sj,[deleted],12,0,1615468410.0,None
t3_m2jvbg,gqkm81f,Unforgivable.,4,0,1615470846.0,None
t3_m2jvbg,gqktlsk,Wow 2 wholesome rewards,4,0,1615474554.0,killerkid3011
t3_m2jvbg,gqqbv77,Fucking hell thats graphic,3,0,1615582173.0,thedalekoverlord
t3_m2jvbg,gqk7zo7,I never had seen a headshot and now i did,4,0,1615461277.0,throwaway1817183
t3_m2jvbg,gqku8mc,That's one powerful gun! It's like something from a movie i can't believe this is possible!,2,0,1615474847.0,buddhathejucheman
t3_m2jvbg,gql6nwr,He is shot from the back of his head and bullet come out from the front. May him rest in peace and no more suffer in heaven.,2,0,1615480456.0,Revolutionary_Stuff2
t3_m2jvbg,gqm3hwr,"I don't know what can I do for the  Myanmar people... I will help you *spread the news...*

RIP",2,0,1615494677.0,Arisuchanww
t3_m2jvbg,gqngnzn,snipers,2,0,1615519180.0,Droiddiddy
t3_m2jvbg,gqtkj8f,"Describe how Myanmar Military Senior General Min Aung Hlaing as the Worst and Ruthless Burmese General in Fact Check History Today:-
Brutal, Slaughtered Rohingyas en masse, Incompetence, Oppressor, Radical, Fascism, Flawed, Unfit, Untrustworthy, Threat, Communist, Torturer, Executionist, Cynical, Chronic, Lame duck, Dangerous, Minorities Murderer, Mess, Crisis, Massacred, Unhealthy, Demon, Lousy, Sloppy, Fraud, Ruthless, Corrupt, Cruelty, Sick, Evil, Satanist, Conspiracy theorist, World’s Biggest LIAR, Monster, Dictator, Beast, Terrorist, Awfulness, Arrogant, Shame, Hitler, Marxism, Abuse, Untrustworthy, Negligence, Killer, Murderer, Betrayal, Disastrous, Failed, Desperation, Idiot, Fucking Moron, Fascist, Dishonest, Treason, Ego, Insane, Disruptive mind, Mismanagement, Disgraceful, Poisonous, Insult, Hell, Dark shadows, Pathetic, Disease, Negativity, Personal interests, Treasonist, Unjust, Eliminator, Failed Leader, Bankruptee, Rumor monger, Loser, Failed husband, Alligator, Mr. Shorty on the planet, Son of a bitch, Child killer, Next New Cruelest and Evil Person with his Family in the World’s Guinness Record, Vile, Merciless, Burmese Dictator, vulgar... Lists can go on!.. Pls continue as the World want the head of Senior General Min Aung Hlaing to be brought to UN Tribunal Court and jail for life!",2,0,1615659914.0,chia_churn_chou
t3_m2jvbg,gqjla0d,Smh..,1,0,1615445191.0,ItsABeautifulDay2Day
t3_m2jvbg,gqneeqn,Clean shot. Any info on the shot distance?,1,0,1615517968.0,madonna_infiammata
t3_m2jvbg,gqjmvlz,[removed],-61,0,1615446216.0,None
t3_m2jvbg,gqkvsui,Jesus fucking christ..,1,0,1615475563.0,krillemy
t3_m2jvbg,gqlavho,This is just so jarring to see.,1,0,1615482294.0,cyberfate7
t1_gqklvtp,gqklykb,"Yeah seriously, the royals suck.",33,1,1615470704.0,Sabatar446
t1_gqklvtp,gqlgb8t,"Yeah man, here in the US it's just more round the clock covid coverage and a stimulus bill, as though nothing is happening in the rest of the world. I hear and see nothing about Myanmar in the States.

For real, where the fuck is the UN?",18,1,1615484629.0,Mobitron
t1_gqklvtp,gqlhw3q,From what I've read [China has blocked any UN actions on Myanmar.](https://www.businessinsider.com.au/china-russia-block-un-security-council-condemn-myanmar-coup-2021-2),8,1,1615485298.0,AirFell85
t1_gqklvtp,gqm9tcv,"It's China. They have influence in the UN. They also said that Myanmar is an ""internal issue"" and told other countries to basically fuck off.",3,1,1615497464.0,SomeOne9oNe6
t1_gqjpqpb,gqjpsuk,A large 7.62 round from a sniper rifle clone of the dragonov Russian rifle.,57,1,1615448150.0,Sabatar446
t1_gqjuuu5,gqjuyk5,Today. Over 10 killed.,48,1,1615451637.0,Sabatar446
t1_gqjxs7c,gqjxx7l,"1988=2021
Junta=Terrorists",26,1,1615453807.0,Sabatar446
t1_gqkeywa,gqklhlg,"Hope harder, maybe you'll beam them a positive vibe! 

What a vanilla comment.",-27,1,1615470446.0,None
t1_gqkdgjv,gqlimcs,Actually it was in Myaing city in Magwe division. 10 shot dead there today.,2,1,1615485609.0,dot1910
t1_gqki0sj,gqkiasf,Message the mods.,11,1,1615468583.0,Sabatar446
t1_gqk7zo7,gqlgmph,"Yep, they're pretty messy. Poor guy didn't deserve any of that.",1,1,1615484762.0,Mobitron
t1_gqm3hwr,gqm3r2p,Dm me for a discord server to help.,1,1,1615494790.0,Sabatar446
t1_gqjmvlz,gqkoib1,Away with you. You obviously can't read the room.,12,1,1615472060.0,PhraTim
t1_gqjmvlz,gqjva9j,[deleted],-41,1,1615451882.0,None
t1_gqlgb8t,gqlhchg,Yup exactly. UN fucks abandon these poor people and the USA stays near silent. Given the culture around the USA I can’t believe we’re not knocking on Myanmar’s door!,7,2,1615485067.0,None
t1_gqlhw3q,gqli4yp,"China, Russia, India and Vietnam to be exact.",4,2,1615485402.0,dot1910
t1_gqlhw3q,gqqjk5x,"china had actually good relations with the previous government, wich the military junta does not want to uphold so it would be very stupid of them to actually do that",1,2,1615585870.0,Cactux3000
t1_gqm9tcv,gqmneoa,And the reality is that most westerners don’t care or even know what’s going on,3,2,1615503811.0,None
t1_gqm9tcv,gqo7ouk,"> and told other countries to basically fuck off. 

We tried to bring human rights, freedom and democracy by overthrowing it invading tyrannical countries such as those in Middle East, Africa and South America but the results only led to even MORE tyranny, oppression human rights violations, terrorism, extremism m, wars, death and corruption than these nations originally started off with, China ain’t wrong in this instance.",2,2,1615538867.0,None
t1_gqjpsuk,gqlhl5k,"7.62x54r.

Been in service since 1880.",8,2,1615485169.0,AirFell85
t1_gqjuyk5,gqlghde,"How many are being killed in the daily, now? Last I'd heard were the 60+ last weekend, but I know it can't have slowed.",3,2,1615484701.0,Mobitron
t1_gqklhlg,gqm8an7,"What're you doing to help, ya fuckin donkey?",5,2,1615496786.0,LettuceBurglar
t1_gqjva9j,gqkec01,Your comment is fucking disgusting. This is no game. A real human being lost his life,21,2,1615465925.0,None
t1_gqjva9j,gql2uiq,Funny.,0,2,1615478754.0,Yousirnaimme
t1_gqlhchg,gqo6suu,"> Can’t believe we’re not knocking on Myanmar’s door. 

“No Oil? Sorry not interested.” - USA probably",5,3,1615537993.0,None
t1_gqlhl5k,gqn90sa,Forgive my ignorance but how’s that compared to the .50 cal?,2,3,1615515113.0,Kidsonny
t1_gqlghde,gqlgnxi,I would say it's an average of around 5 a day. Some days it's really high but each day it's atleast several.,5,3,1615484777.0,Sabatar446
t1_gqm8an7,gqmcubp,Ur mum m8 LULULULUL,-5,3,1615498812.0,None
t1_gqn90sa,gqnncys,"7.62x54r is a .30 cal bullet- the weight changes with bullet length, but its comparable to the .308 or 30-06.


[On this chart](https://i.imgur.com/JjqViGe.jpg) 7.62x54r is #30 and .50 is #43",2,4,1615523030.0,AirFell85
t1_gqlgnxi,gqlgs4l,That's such a fucking travesty. I really have no words. Thanks for the reply.,4,4,1615484828.0,Mobitron
t1_gqmcubp,gqmnoee,I have been... destroyed.,4,4,1615503948.0,LettuceBurglar
t1_gqmnoee,gqmp5d4,"Not really, even if he was doing ur mum lolollololooooololol that still doesn't help at all",3,5,1615504694.0,JustAMildKingpin
